scenario_id,P80,fines_frac,oversize_frac,R95,R50_fines,R50_oversize
1,93.918945,0.16362545,0.118070535,697.658,657.47675,359.62555
2,113.93576,0.046447348,0.15728171,240.11057,276.2734,130.42712
3,77.81488,0.20891042,0.03325613,852.73883,813.1566,406.1619
4,161.6819,0.02123237,0.46478721,404.5946,580.1081,243.40375
5,129.35045,0.066043064,0.28904876,249.98927,245.28508,127.84134
6,160.65337,0.029288977,0.46219707,373.81125,450.94418,191.41989
7,167.27168,0.013917143,0.5025339,323.33563,428.5627,185.89796
8,191.27515,0.0057937675,0.6765449,164.99861,218.87823,99.04852
9,166.03831,0.01581662,0.49083132,310.9126,405.14917,169.25938
10,152.44344,0.02090063,0.40280965,470.4983,565.1222,262.58505
11,92.531525,0.14449334,0.061492857,706.5912,688.9981,328.8973
12,185.17017,0.020055868,0.6077348,165.00606,217.91379,95.21086
13,104.75782,0.108817704,0.14049613,682.4343,660.0232,320.91028
14,193.04117,0.019251926,0.6371816,360.81454,478.48035,205.72427
15,108.46462,0.17362316,0.17417908,384.77127,364.64923,175.09491
16,142.89194,0.03792286,0.3524415,344.6472,433.439,206.21515
17,175.28947,0.007203802,0.53909636,53.752945,99.41545,34.016735
18,99.62966,0.2188798,0.15784052,377.4262,366.31866,156.65659
19,185.03616,0.007539606,0.58605963,35.048412,77.08176,26.149763
20,184.53355,0.011951595,0.5907152,146.95697,192.22873,85.28913
21,95.99773,0.18623021,0.13523139,311.2052,261.7578,109.69818
22,184.22496,0.005884731,0.58763653,312.15195,432.42844,176.92618
23,186.135,0.016657984,0.6185968,206.35097,281.3297,109.44675
24,201.70421,0.012584843,0.6713802,199.37056,287.2977,116.77596
25,128.413,0.04429499,0.26892316,107.46906,89.68879,48.155815
26,144.59514,0.020897089,0.39780563,75.92918,72.13532,33.460167
27,97.70123,0.1396233,0.121629804,278.38455,299.91696,125.93331
28,176.1128,0.020573715,0.58212405,94.18976,94.45415,59.126446
29,89.96673,0.16486587,0.059900813,357.59076,296.41736,172.46684
30,132.69675,0.05480275,0.28732115,97.30249,79.3491,32.98965
31,142.94545,0.022223098,0.3984683,86.063736,90.380165,34.403343
32,115.84609,0.056753475,0.20368505,95.01126,91.265976,51.36748
33,119.179344,0.060931146,0.23014644,196.51031,199.69711,94.715775
34,76.990486,0.2487751,0.017618718,265.759,239.41608,162.30208
35,204.97075,0.011454688,0.6827617,199.67717,284.33176,116.2477
36,201.27399,0.016693791,0.6435211,335.84973,479.99936,190.9006
37,105.37807,0.16439106,0.16421266,657.7761,636.10266,288.98013
38,206.37303,0.011659301,0.65643364,64.24955,102.444374,41.208523
39,197.38095,0.023409504,0.6242432,341.1014,538.0797,204.37143
40,95.14365,0.28123945,0.16940549,452.77985,430.63937,198.21786
41,157.23145,0.027470756,0.45904434,397.65936,469.33502,204.87666
42,93.30841,0.15044373,0.07240653,609.7106,603.10516,259.71088
43,146.40486,0.019491227,0.3824024,193.40553,219.51326,123.27925
44,119.61107,0.07310292,0.18223055,497.3349,552.3911,289.42142
45,131.51527,0.042139113,0.26615328,464.35138,554.2144,239.70131
46,99.0439,0.15184213,0.12984587,775.3038,691.7961,343.75262
47,148.6057,0.030341862,0.38779035,378.02478,435.00516,203.18135
48,197.59947,0.013008396,0.6320967,205.58633,286.6408,111.02678
49,197.24475,0.013567376,0.6362138,79.49358,111.88111,52.959156
50,166.75711,0.014351246,0.5316913,198.83702,236.8697,105.8092
51,168.52022,0.040566288,0.47296542,406.39273,581.21094,242.97917
52,119.388626,0.13682717,0.25052068,577.67505,547.0152,264.64172
53,138.66362,0.022406766,0.32964215,213.2184,236.64049,107.384766
54,125.01118,0.03174511,0.26016244,239.73132,254.73766,113.085106
55,191.98732,0.012987455,0.6279761,166.61371,248.15628,88.15331
56,186.75761,0.02480975,0.5697262,205.8845,243.80905,103.68509
57,190.8447,0.022047872,0.6236465,424.2935,568.4917,231.77277
58,75.65656,0.2622243,-0.0008115358,868.6785,740.4964,371.29816
59,143.9199,0.032507103,0.36478615,448.90894,594.1545,243.96088
60,105.15003,0.10682355,0.1789497,89.90887,80.5562,45.44347
61,189.6039,0.008307236,0.62735033,157.1529,239.28377,88.81956
62,103.27421,0.12317953,0.12826814,276.06857,249.76726,126.72074
63,198.88872,0.019396322,0.65428007,186.87656,251.0316,106.81686
64,143.3283,0.025906336,0.35973158,227.26382,247.26416,122.20354
65,74.14321,0.25294226,0.036946777,837.1056,757.1659,409.07416
66,157.33292,0.026079658,0.4523017,422.72522,530.2654,216.79388
67,104.98821,0.16628735,0.186257,716.69324,695.1791,290.8264
68,203.55675,0.013409092,0.6773798,204.01549,259.51776,106.6675
69,164.46011,0.027665103,0.4822492,427.17587,590.2142,229.49529
70,190.06395,0.005495367,0.63157076,163.3066,227.63557,89.61868
71,138.88719,0.027471296,0.34785125,477.06042,535.45233,259.07117
72,80.85023,0.1932635,0.028958747,803.46204,711.5154,338.85043
73,85.77775,0.20474353,0.043960087,308.94525,284.02908,163.55855
74,129.29881,0.020972472,0.27436706,463.29257,524.30914,235.7127
75,185.90367,0.017662931,0.56450355,94.39038,105.94346,66.9617
76,188.18108,0.016024115,0.5825142,184.40306,250.83704,119.1171
77,122.76934,0.13429154,0.2980807,249.87494,235.14548,116.91503
78,157.21817,0.03830423,0.4720702,444.18863,569.1708,229.39276
79,185.61772,0.016774261,0.6007835,81.159225,97.35525,44.210133
80,125.91552,0.03614753,0.24250332,513.04425,546.21375,294.19205
81,209.72253,0.007783891,0.6834059,64.84484,96.38079,37.190247
82,112.45203,0.060050435,0.19139963,242.18875,262.29065,113.116875
83,193.26949,0.019492583,0.6696665,320.29916,442.7612,180.21436
84,164.09084,0.014580334,0.46888143,158.33449,231.4504,91.41255
85,89.26506,0.15794402,0.077100515,668.2344,619.76056,346.0465
86,105.24453,0.12241161,0.128597,120.30362,104.66021,65.61115
87,113.158226,0.14871086,0.2185009,94.45251,89.75055,53.70388
88,95.08518,0.2499927,0.16230173,339.40982,313.31198,173.52141
89,137.22742,0.03582453,0.34639716,85.46446,101.412766,31.269558
90,198.9898,0.017730372,0.6634305,57.580704,93.92833,38.88956
91,118.688354,0.049147926,0.20328136,269.62918,315.75845,147.59293
92,185.91011,0.016902087,0.590792,148.70618,186.65332,80.93643
93,173.80772,0.042459987,0.45470637,99.77831,121.77746,46.069454
94,103.78975,0.10790581,0.15045114,244.54681,243.41246,118.53683
95,192.60304,0.01877682,0.6205129,210.57512,257.1094,108.56521
96,189.81801,0.017183745,0.6477674,159.51347,216.96277,92.91933
97,128.82138,0.09279084,0.27432573,242.53476,258.6299,111.667244
98,82.06606,0.18429463,0.03916786,850.3964,744.69165,412.63483
99,149.00769,0.034558162,0.3764905,333.61377,421.87933,204.0489
100,201.63583,0.015843296,0.65998423,62.457546,96.26472,35.545288
101,130.71501,0.038031388,0.28979242,542.7836,582.2862,268.17023
102,126.7545,0.0490499,0.2409489,80.64037,93.73858,40.131714
103,127.06525,0.04061141,0.24061063,480.58047,519.7938,238.45212
104,99.71224,0.1655557,0.14438403,613.1072,564.8211,280.24875
105,95.8016,0.12792827,0.07080861,654.36365,688.9591,365.39487
106,156.16806,0.013156011,0.47784945,63.13038,91.505035,42.333992
107,178.70467,0.028145975,0.5446286,207.60078,247.14983,117.1702
108,83.03071,0.17060556,0.03375782,336.38928,319.13434,132.6755
109,197.4637,0.018340446,0.63134694,368.04144,513.2009,201.5853
110,157.09567,0.01622143,0.47387257,192.0513,227.77098,110.50202
111,197.4421,0.017287215,0.60515696,223.31686,306.3402,113.89112
112,193.93579,0.016796576,0.6382643,170.96408,220.68483,85.83777
113,106.05546,0.10755562,0.1329876,250.13365,255.29553,123.1501
114,77.00542,0.24863654,0.039394453,383.09735,345.74872,188.91357
115,206.24129,0.012670599,0.655647,74.66624,119.57196,40.126877
116,149.71928,0.021055259,0.39869973,440.07394,582.5619,255.447
117,87.27325,0.1695367,0.0515207,328.4956,306.71442,168.29831
118,97.77,0.15835068,0.13335796,298.36017,282.5216,143.3005
119,116.433266,0.12597027,0.25995478,283.17996,271.00897,142.22209
120,168.60472,0.037539262,0.4533447,224.5082,266.86942,127.062325
121,164.24542,0.026211105,0.45161787,76.95202,62.681194,42.801
122,130.96014,0.041221283,0.3124301,96.043884,58.086018,42.009583
123,162.24182,0.017995697,0.46676627,62.840656,89.243126,33.93328
124,99.99876,0.19948852,0.15295205,347.87875,298.93314,162.96944
125,202.2787,0.01299343,0.6543125,192.59875,279.78537,105.160545
126,203.35423,0.0053314418,0.65948313,184.64243,267.29666,95.991005
127,116.04939,0.053678166,0.17005377,561.68097,552.3534,262.9896
128,106.123116,0.10800391,0.14198212,264.20193,237.67886,136.96051
129,173.14156,0.01848152,0.54411924,181.61824,235.56953,101.953415
130,144.48634,0.021722743,0.40655598,471.72955,617.7665,265.07086
131,204.54332,0.014213431,0.65785545,204.71338,303.20367,111.273735
132,172.6763,0.012712006,0.5376221,70.23583,97.03831,34.685307
133,130.82806,0.029605009,0.2883662,206.87486,222.9979,101.98163
134,133.66527,0.058193326,0.29297575,207.33563,231.86035,88.169876
135,159.01225,0.01942957,0.45343032,353.8856,400.11975,182.99188
136,189.13011,0.01614324,0.616376,202.20459,258.37576,106.13356
137,169.32703,0.04426388,0.48926944,193.75307,255.10452,105.869736
138,125.55004,0.10626803,0.28975737,589.68164,554.9846,275.31555
139,88.51634,0.17266162,0.08977852,288.70956,279.21045,130.86682
140,160.93431,0.02077485,0.48128062,372.06982,473.94864,205.32693
141,165.70973,0.018488484,0.47199175,180.46927,233.51486,89.322044
142,124.06171,0.052936666,0.22718531,94.38228,109.87001,39.995647
143,148.38608,0.028656151,0.39459503,219.4674,236.11765,115.17887
144,107.2663,0.109239474,0.17024986,655.6302,636.1917,335.60812
145,163.18745,0.016846,0.5140806,189.70975,252.88174,108.83936
146,141.91791,0.049432732,0.32384259,98.876854,96.57988,46.40508
147,77.188805,0.23767647,0.035734806,381.0573,375.77277,191.21648
148,197.03452,0.018817907,0.6303278,401.58414,594.04626,205.66502
149,103.478714,0.11126847,0.12357762,639.8669,598.8726,319.00897
150,170.43518,0.024968537,0.49872816,84.66485,137.34679,40.24733
151,116.6883,0.11179922,0.24540018,222.76389,230.92784,119.26474
152,197.18872,0.02568372,0.6445251,389.35492,584.50964,205.02745
153,150.53682,0.023964997,0.44322845,175.45741,199.53505,82.2665
154,129.59088,0.029200189,0.28828162,62.78411,63.217472,30.325901
155,131.34221,0.033847045,0.30615678,555.1132,604.50867,279.4661
156,199.6141,0.019542227,0.64648676,349.66614,521.1217,180.27164
157,93.99707,0.17607087,0.106904946,182.40771,171.21753,71.77015
158,154.22385,0.013533682,0.42224887,204.74068,274.48227,121.18277
159,84.62929,0.16639937,0.045022856,316.74197,309.39557,123.46567
160,200.91896,0.016850544,0.6176968,198.94449,302.8298,99.239784
161,140.54631,0.033012364,0.34823096,505.90436,595.4452,243.33705
162,103.26896,0.19098422,0.17871742,683.3217,612.4719,256.37674
163,185.06007,0.02121988,0.6016233,418.04572,557.09,216.27383
164,90.404076,0.2190916,0.10488587,800.6886,741.9828,391.03696
165,117.49534,0.0341849,0.2133143,72.58618,79.66069,46.891586
166,89.500374,0.20292631,0.096373044,128.86311,149.07137,48.766
167,158.40578,0.018640602,0.41819903,61.58565,106.00328,46.41636
168,84.51246,0.2076153,0.03546135,677.6341,693.5411,309.89352
169,175.53671,0.025175797,0.5066096,102.98506,130.38742,43.136192
170,172.85185,0.02369755,0.5674954,209.34883,257.14206,102.944855
171,197.35423,0.00992208,0.6810098,364.41907,510.5989,190.23026
172,158.37935,0.02452803,0.43123344,200.7261,237.94246,113.13781
173,114.773415,0.06097505,0.17050889,467.37375,532.6886,234.74751
174,188.10983,0.029040473,0.59825736,151.89398,227.27324,85.782906
175,168.31369,0.02095114,0.492892,170.04312,238.3461,86.945694
176,192.44798,0.0067527625,0.6502309,54.505203,71.37655,34.992344
177,87.66301,0.1694766,0.073456466,132.6311,131.17537,58.64436
178,121.797356,0.102755494,0.2464878,110.98898,98.550674,59.34918
179,122.91202,0.051450714,0.22178675,212.63663,221.31377,99.62199
180,157.07875,0.041587777,0.35258538,200.62987,203.56161,103.588776
181,101.98223,0.23515609,0.21451107,733.13354,630.3867,280.09982
182,140.08803,0.022670962,0.3630035,211.65005,234.68155,115.29991
183,107.06478,0.06607381,0.103276685,236.49626,242.06778,109.80845
184,101.92274,0.19203061,0.1798384,328.95773,323.98462,136.58563
185,78.31576,0.25819975,0.022816775,433.12512,405.93286,225.89912
186,95.04716,0.2549517,0.19631805,848.5384,725.9306,363.14175
187,172.50684,0.020705713,0.52085096,225.48592,263.74112,123.31162
188,189.52983,0.021363046,0.5887236,86.5441,92.14079,36.791996
189,181.38199,0.022571635,0.5432516,426.84546,530.37476,220.60359
190,171.07066,0.0211025,0.52159894,189.80678,258.5325,104.00657
191,164.42822,0.009681792,0.5079513,152.76436,175.7109,84.95038
192,166.59113,0.01893917,0.4764026,364.00757,504.19815,197.58275
193,155.2208,0.039637685,0.37734005,441.0046,551.9319,246.69237
194,202.26413,0.0039911936,0.6709779,190.85867,254.2714,106.55229
195,141.81401,0.0493404,0.35975686,211.21202,210.24197,93.95135
196,141.80501,0.04153203,0.34115437,420.66132,472.72415,217.13896
197,198.15361,0.006028093,0.6360093,172.3541,251.84085,98.32303
198,180.24974,0.014533478,0.5983978,190.75542,246.98955,101.437675
199,193.6154,0.016060522,0.6503319,353.68622,494.86227,194.68391
200,118.446686,0.13131323,0.22979079,272.5313,258.4804,113.29667
201,84.99995,0.23834604,0.058935,860.4399,771.4718,437.99307
202,177.53654,0.011864549,0.5853177,80.19668,107.618034,40.7246
203,192.97433,0.013621471,0.6110868,185.26932,237.0292,88.096504
204,112.00535,0.06759053,0.14082593,581.77454,569.0348,277.7003
205,197.8178,0.00672704,0.71428835,165.08714,233.77988,99.444
206,93.34431,0.1847001,0.08591469,162.57549,177.27081,84.42127
207,108.023506,0.10950923,0.16184893,535.4971,574.9119,284.31305
208,80.42554,0.2114742,0.022335926,308.15125,323.7704,152.45485
209,154.48062,0.016771102,0.4491087,65.74245,85.3405,33.20252
210,198.8909,0.019034497,0.63190967,355.80988,515.34625,177.3025
211,146.96742,0.024836311,0.39853665,180.02792,214.5404,105.591255
212,77.91543,0.21310908,0.018234676,1006.36676,843.09033,466.55603
213,105.535194,0.105022125,0.10537615,118.56657,104.35194,57.120197
214,98.23812,0.12985113,0.12073364,288.69324,260.1539,129.46585
215,168.80482,0.02275332,0.52510226,420.0871,558.7155,229.79263
216,110.65091,0.17878684,0.23981623,338.55313,323.77472,133.23717
217,76.25703,0.24699226,0.0265846,682.39703,627.10944,303.39084
218,197.03807,0.014783055,0.6448539,64.31602,94.79315,33.797802
219,154.11583,0.040932674,0.3851097,478.84402,607.03845,250.03036
220,186.2535,0.010446966,0.57371247,159.18716,229.76062,84.78982
221,200.88478,0.008408007,0.65857196,74.829956,83.93425,33.087296
222,189.03433,0.022359233,0.5949185,370.144,519.1697,187.14828
223,108.86839,0.10780321,0.1323716,612.208,582.32904,285.86108
224,190.6217,0.031054812,0.5865335,399.76855,550.74524,204.46246
225,145.62138,0.01990222,0.38285878,177.69855,222.023,97.879005
226,117.64335,0.15179177,0.264116,660.1115,638.18787,326.39645
227,158.20201,0.019147903,0.47443423,63.456676,73.87431,41.6558
228,131.44383,0.039556567,0.3150412,465.04733,551.1994,231.90382
229,201.47711,0.021223718,0.6332369,386.02866,519.5358,189.21541
230,174.69731,0.014457212,0.54859585,167.10016,240.93375,101.4557
231,170.47943,0.01132487,0.53863937,205.79013,244.74522,107.56246
232,161.43239,0.015658526,0.4588118,148.19885,184.02968,82.361336
233,109.26659,0.1424025,0.19945325,315.08832,292.9852,149.57266
234,81.10345,0.20232902,0.032931797,336.6658,332.21542,149.84135
235,114.16462,0.16030842,0.24112536,609.6213,632.3962,306.46194
236,156.02983,0.013470585,0.4957395,328.75314,379.66174,173.4806
237,200.27837,0.01324281,0.62198484,92.254524,102.298546,49.09743
238,76.66414,0.24801143,0.029775165,896.9437,759.4788,417.03568
239,148.56718,0.018081404,0.41532493,203.77199,239.85811,103.475685
240,128.95271,0.033236716,0.277236,95.83362,73.80559,39.6922
241,136.42462,0.022702675,0.29675457,472.61145,589.55414,264.95337
242,109.50052,0.11035284,0.19354215,310.38315,290.41373,117.473015
243,85.236755,0.19878474,0.039322358,199.72221,173.10742,112.9499
244,99.3878,0.14265573,0.13827221,269.53796,270.60895,118.52869
245,156.02113,0.020272635,0.4708391,63.395332,47.99049,35.967136
246,168.17351,0.0074055986,0.5305295,349.1316,453.71957,197.50247
247,131.8792,0.029907415,0.29571068,207.73537,207.11957,98.97669
248,87.92297,0.19739509,0.06652628,657.4001,646.3842,265.37408
249,120.86639,0.034740333,0.21122816,511.55344,579.6212,286.88217
250,198.16716,0.020052359,0.65959966,363.36847,520.5555,177.93951
251,81.30165,0.22958645,0.03955331,849.29407,779.8712,417.7495
252,196.36182,0.021218382,0.61646235,397.84784,567.65247,213.6725
253,95.64714,0.22438802,0.15552858,314.57025,316.32983,159.43037
254,183.32164,0.019231558,0.5507518,327.97946,403.69598,180.92976
255,120.03862,0.092453375,0.24200477,552.1207,605.01904,243.16606
256,93.25434,0.13517494,0.103178084,308.44302,275.2475,131.70424
257,199.98067,0.010018748,0.6290606,351.67087,531.789,203.64006
258,196.15108,0.008632775,0.6508465,63.76159,77.5803,37.008083
259,123.558105,0.10757612,0.23781255,690.7252,663.7731,332.9934
260,108.07242,0.18627346,0.18157545,133.89635,150.36179,64.30243
261,126.92955,0.054332316,0.24239357,448.4662,550.41974,248.74863
262,138.09201,0.031520035,0.3749441,423.75528,490.87094,262.74127
263,194.39531,0.015023186,0.6009764,205.45656,284.86926,109.99612
264,195.68674,0.020532982,0.60957956,394.6952,548.5247,218.05647
265,200.17546,0.018341284,0.6338793,190.46048,277.90305,121.37184
266,155.74835,0.031690862,0.4209964,223.25287,233.29869,116.07604
267,112.82407,0.20131598,0.2555601,285.78433,269.12915,104.638504
268,145.99876,0.018549144,0.39285448,50.49208,62.108078,34.78708
269,140.90987,0.027714748,0.3580953,511.34448,596.519,262.10556
270,103.35523,0.11267334,0.14039814,251.17842,294.30493,124.141426
271,144.6432,0.028436728,0.3595426,502.0626,613.2373,251.15448
272,200.4245,0.021272268,0.6638008,322.21997,446.815,171.53954
273,160.49553,0.01788945,0.48251736,151.51074,178.16423,80.55643
274,117.00304,0.14145014,0.21438281,97.23745,109.87985,57.66713
275,108.58473,0.16087128,0.2219452,597.96796,584.8457,241.2611
276,97.28308,0.13259946,0.110641025,320.89352,284.60474,148.73485
277,78.29067,0.2230777,0.027816914,338.81537,322.27042,131.87181
278,192.36118,0.019906262,0.63217,324.8246,451.4335,175.1097
279,95.344124,0.24175723,0.17333755,241.3723,180.89401,84.970695
280,107.714294,0.09037629,0.1722235,90.87346,107.82882,49.774227
281,114.6584,0.17469046,0.2300362,135.66588,101.24764,59.08498
282,165.17717,0.019851489,0.46131533,190.41466,236.62083,116.69807
283,183.14372,0.023292903,0.57511896,203.5622,240.71332,100.83945
284,140.16785,0.04153869,0.3331152,203.76677,227.03877,108.85435
285,69.59603,0.28258255,0.031688314,411.0545,359.47888,210.19133
286,114.80232,0.13743177,0.20858781,327.31662,308.0518,156.59581
287,111.33855,0.092516944,0.15867351,529.4532,589.2176,285.4021
288,196.51231,0.025761819,0.5928999,91.136185,88.763794,62.259384
289,112.14293,0.060655665,0.15251176,233.10431,238.00722,100.37558
290,167.78342,0.010082264,0.45272753,50.96566,84.11612,38.075756
291,167.66412,0.008595612,0.4597077,170.04874,233.97707,94.40478
292,176.85715,0.041944,0.5209035,390.30338,467.8663,221.02608
293,170.93225,0.0128449695,0.53402674,187.47736,250.58762,103.57039
294,148.1281,0.019881986,0.40960336,207.92886,212.01538,125.360214
295,199.4948,0.014981209,0.6698811,67.01253,84.766495,35.562252
296,95.02217,0.1785522,0.12271001,281.35214,299.3109,125.34624
297,166.22649,0.022373112,0.47377765,346.5772,509.156,186.3171
298,83.51247,0.1716172,0.025337445,675.7644,646.2209,261.355
299,185.51428,0.016965216,0.61611265,53.45042,108.87534,36.622204
300,200.35495,0.014434541,0.6462285,322.1025,451.70956,164.80183
301,189.2203,0.017606042,0.59038955,90.13462,93.34835,39.87255
302,159.60474,0.015635177,0.4911909,41.720196,79.876656,31.937662
303,165.53584,0.014754256,0.5120236,306.55432,399.22986,175.23506
304,112.6352,0.09256155,0.14580515,261.90775,284.0497,152.44157
305,100.18626,0.22552155,0.17910416,332.629,312.2979,150.40273
306,121.7798,0.111027725,0.23739415,115.224236,101.98549,53.860626
307,183.82912,0.02982868,0.5549217,188.91003,250.55759,94.583046
308,200.57423,0.010400485,0.67745084,73.236855,103.80041,41.139435
309,109.01543,0.071680844,0.17924336,79.56774,58.32861,31.20143
310,191.02423,0.01974481,0.60187334,170.59746,260.49683,99.05427
311,99.657135,0.22178867,0.18424736,410.2811,393.4103,165.05386
312,127.43299,0.089524664,0.28615472,535.8879,550.93085,254.42831
313,157.99272,0.01941414,0.48772502,406.38693,573.03485,203.5577
314,172.85129,0.03036246,0.49050704,200.93343,276.61267,107.2942
315,170.72769,0.022523617,0.5006861,206.44759,276.39642,103.185326
316,93.836655,0.14108232,0.06451829,306.32022,290.86765,123.01943
317,88.133224,0.15598603,0.08398535,301.37375,285.83777,113.32907
318,135.48817,0.031892847,0.35174114,239.2001,252.35304,102.415375
319,73.5463,0.26758665,0.049271967,1084.2001,911.1887,514.01324
320,190.69905,0.01691838,0.619669,364.06668,545.4359,206.29596
321,77.37165,0.20308365,0.02594986,732.23737,642.9144,276.13138
322,172.40106,0.017094329,0.52374226,79.01587,114.10834,57.804432
323,173.26668,0.011940261,0.5384364,331.03564,371.22363,175.16896
324,118.42579,0.14473093,0.28154486,617.6171,561.5788,264.8434
325,175.88504,0.020895554,0.5107601,96.33223,108.88336,48.966194
326,97.83333,0.13840583,0.09924847,103.94038,119.353615,46.653194
327,170.70143,0.013026782,0.5226738,173.13423,233.50778,94.41943
328,145.78358,0.026344087,0.3780806,81.176445,103.03952,52.35145
329,80.88336,0.2206683,0.02313635,222.877,239.12697,111.96176
330,124.09123,0.09020657,0.23919031,286.8201,329.70654,145.04228
331,203.3691,0.01774413,0.6481283,370.8492,499.08075,205.56407
332,204.57642,0.009515859,0.6686844,189.19257,255.23114,100.49764
333,174.32396,0.016591722,0.54457575,339.12323,480.19873,189.5348
334,98.82427,0.2569664,0.15822998,465.16095,434.93927,180.42735
335,110.92274,0.08277345,0.16221693,240.48392,227.76367,120.81697
336,75.50716,0.22120534,0.025838906,312.34512,304.45398,119.56729
337,164.74316,0.01961038,0.44628143,59.255707,94.14626,32.85668
338,126.5185,0.07265677,0.2626951,514.0464,539.69214,243.51628
339,102.406906,0.124815635,0.13427185,264.0937,271.05002,121.599625
340,99.38042,0.12875427,0.11772278,305.16196,309.5751,130.9878
341,122.75374,0.043330796,0.24420056,219.75183,229.81096,108.88204
342,189.40083,0.022458436,0.56972075,206.30672,270.79828,114.37033
343,102.37035,0.17947294,0.18562776,645.5488,593.4721,266.4657
344,149.4906,0.033748254,0.39158916,411.88928,473.7355,214.43173
345,140.51186,0.026518421,0.36557782,91.55407,106.313736,43.69434
346,171.61353,0.025591603,0.53008044,405.81015,574.3238,223.27255
347,164.8095,0.024663068,0.50450736,344.4647,536.8363,209.26828
348,175.24303,0.018718075,0.5552085,186.84618,248.6922,103.032486
349,143.57596,0.021054568,0.378969,68.56787,80.74729,38.50584
350,73.383156,0.28887284,0.011434608,691.962,594.2984,299.67575
351,83.5375,0.16409835,0.04818208,310.24225,297.57025,122.62739
352,70.38792,0.26625735,0.0108051505,210.42755,197.04103,104.47796
353,192.4536,0.008559009,0.66242397,163.21074,222.364,90.588554
354,75.14721,0.2570437,0.0041334783,217.46124,208.71144,106.43924
355,120.170425,0.117705084,0.265328,94.32118,80.91145,35.104313
356,76.41545,0.2613103,0.028094769,387.92313,338.1765,182.34328
357,122.218735,0.06262789,0.21231833,494.7811,534.9027,243.42273
358,141.74477,0.035890117,0.36404347,84.21457,81.888435,37.78924
359,116.98006,0.12640086,0.23060733,306.9996,300.5086,161.37802
360,98.62585,0.1423611,0.11478431,778.80664,716.6147,367.61542
361,201.22914,0.029264644,0.6279354,72.95619,79.674835,35.569466
362,133.44229,0.04776592,0.2745904,508.0413,557.1153,246.06578
363,108.368576,0.14491066,0.18186149,688.23895,667.65796,332.82196
364,94.19923,0.1591179,0.09481252,705.0145,677.73785,286.94467
365,97.63034,0.2414628,0.17998376,383.98547,311.7499,174.37517
366,198.0809,0.015000942,0.66286606,205.80067,265.2947,101.715775
367,102.48673,0.19440301,0.16440044,174.36327,156.51964,83.66016
368,195.69635,0.0108610885,0.6701786,182.22765,228.04507,91.382904
369,148.87946,0.037283324,0.38014492,461.96167,588.2847,254.46176
370,160.33537,0.029166797,0.46099108,201.43008,253.9386,92.38308
371,108.48516,0.10274413,0.17549826,578.9042,539.324,285.2358
372,190.09297,0.016528737,0.6557432,340.3798,482.493,190.27322
373,166.58989,0.02729938,0.51496387,407.19116,547.62555,215.34435
374,179.35025,0.02095761,0.53783536,80.664345,62.54827,36.94756
375,135.96313,0.037278853,0.30505055,468.7971,555.0833,256.31885
376,174.40834,0.023324352,0.54606223,205.96495,234.95866,101.84265
377,97.70976,0.17273526,0.12805527,304.30765,286.78638,162.67052
378,196.62991,0.01739113,0.6850152,329.56363,502.86765,179.09503
379,179.16083,0.020585986,0.5834845,421.40253,634.1605,241.9554
380,184.79385,0.024592437,0.56567526,64.33123,97.68536,34.60623
381,97.35237,0.13362686,0.083060116,806.5871,787.01025,396.61707
382,101.66031,0.23256014,0.19315779,362.53918,380.42822,156.37997
383,107.89075,0.080595784,0.1613059,612.0073,573.3896,284.21176
384,79.77979,0.20941313,0.03237798,124.1476,113.45651,86.66308
385,103.36746,0.19507764,0.18438324,345.5428,359.4423,151.29114
386,89.23654,0.17903729,0.06499834,779.61566,704.3981,397.72745
387,198.08272,0.01560266,0.66786504,194.73122,250.04298,92.95264
388,114.00654,0.05373102,0.18624961,225.1363,245.71953,137.3865
389,118.48203,0.11248175,0.2013925,133.48552,104.87803,58.02425
390,120.953865,0.09345255,0.21661545,605.54767,604.2125,309.1564
391,125.11943,0.03574059,0.25584856,203.0492,213.54268,107.296555
392,170.11417,0.033164375,0.4533356,234.7667,260.00293,130.76285
393,167.58151,0.031629268,0.46603397,513.1739,591.04224,246.37068
394,188.5644,0.018517505,0.63310057,353.88058,441.60153,192.22285
395,80.90044,0.17583688,0.011433192,386.81168,386.35568,201.61816
396,101.904396,0.13967414,0.14500953,130.65945,118.372826,55.744358
397,189.36275,0.016655976,0.64224344,311.54782,388.1531,180.34702
398,119.283646,0.042843156,0.18995693,218.82887,233.90778,113.408676
399,195.92531,0.014998202,0.6792771,175.77396,179.7053,81.62588
400,128.44514,0.03785354,0.2444921,258.78088,265.26648,130.97113
401,119.2988,0.1270637,0.2625713,603.92426,585.8064,282.7804
402,119.643394,0.13196155,0.26514235,107.22845,91.41998,40.54347
403,92.829994,0.1772939,0.11933684,243.04782,220.34178,102.458084
404,141.90495,0.024161067,0.37461376,523.162,641.437,260.83902
405,102.63952,0.21375261,0.20748632,795.9834,677.4915,338.55817
406,113.190414,0.19114318,0.23234856,303.74802,239.43002,116.20456
407,164.83963,0.01258548,0.4748676,330.53177,429.6129,187.72629
408,145.06956,0.025896868,0.389747,427.25372,511.28265,221.08511
409,143.54843,0.02788859,0.34174448,427.9376,536.4261,228.4787
410,96.04654,0.13508917,0.09767616,605.93854,631.3802,319.0082
411,179.69023,0.01626634,0.5724538,338.8103,368.8642,159.30086
412,196.5894,0.01667198,0.67019516,382.04984,523.9855,212.06654
413,197.06384,0.015426944,0.6551087,59.662754,105.25715,34.314407
414,205.12125,0.009147982,0.678786,68.6772,89.99299,42.951378
415,121.74223,0.1175521,0.282469,270.41815,271.3145,145.55257
416,169.3459,0.012933148,0.4894179,43.72568,93.82386,29.571524
417,83.34778,0.20275214,0.049676232,868.265,766.0971,382.8914
418,112.83627,0.085619226,0.14558691,575.49927,625.9676,323.56943
419,171.20067,0.03779346,0.4939202,200.10846,258.42673,113.09125
420,83.520966,0.20196924,0.02861384,146.60571,152.24414,67.96071
421,167.00055,0.026264027,0.48167253,216.86621,274.2196,119.8204
422,173.67093,0.022353914,0.5615589,202.64932,249.63708,96.50192
423,169.30093,0.0150727155,0.49855295,342.9277,460.81644,176.58556
424,187.56319,0.013884629,0.6148676,74.56094,96.52454,45.66611
425,97.92388,0.22735307,0.17829521,199.5013,197.63562,85.63206
426,162.35764,0.009880402,0.47272477,148.12616,196.25761,91.406975
427,144.608,0.024167052,0.4048208,82.50349,91.39957,39.16933
428,78.872055,0.2154456,0.035158526,633.918,597.64484,253.0145
429,119.58789,0.054544415,0.21130638,624.6688,631.3484,310.39966
430,176.05043,0.0067691305,0.6035816,381.84665,434.2095,201.32036
431,116.29547,0.08358492,0.16011137,599.2175,663.2315,298.69214
432,109.914276,0.1253935,0.1890598,350.87637,317.83603,163.2987
433,141.06088,0.024787005,0.3626365,461.8442,551.54675,239.26416
434,122.799034,0.12054129,0.24977827,588.36957,601.3359,310.61575
435,78.848175,0.22735812,0.04085082,419.52277,394.59982,171.16661
436,165.65085,0.0068627037,0.50141597,149.89018,189.08604,84.46776
437,142.36224,0.022708293,0.3778549,245.17212,239.27464,118.029655
438,182.64316,0.018806877,0.549623,193.78099,219.89352,95.60095
439,102.84441,0.23444675,0.15336962,396.42096,374.27908,180.55548
440,77.90483,0.24481502,0.04259047,364.1118,312.20367,168.7248
441,205.90741,0.009458375,0.6806387,81.163704,108.976006,48.166912
442,101.035164,0.07866377,0.079659775,256.4082,252.22917,117.477066
443,205.27393,0.022596486,0.6553113,350.12003,572.36847,204.23239
444,169.68018,0.005452674,0.5374128,163.54756,218.07634,103.159805
445,143.17393,0.04015635,0.3801595,410.86047,451.27206,216.88359
446,104.52723,0.24085574,0.20809819,789.2298,671.75446,381.45248
447,117.41177,0.06633515,0.17741157,265.05405,265.3359,129.68272
448,95.424706,0.18429485,0.14439362,255.04448,257.11768,109.266556
449,114.31369,0.15451786,0.24018133,570.6454,590.231,291.9719
450,127.07682,0.038236897,0.25656644,488.20612,579.8318,274.8834
451,200.67859,0.016212339,0.6394994,338.31134,458.82114,187.41403
452,118.17853,0.058540657,0.18594867,507.86636,563.58044,254.343
453,196.72191,0.010205176,0.6961686,63.807262,70.246605,38.940083
454,193.31433,0.025787488,0.63627553,362.3306,580.12134,195.04987
455,194.96649,0.014375448,0.65314645,170.2691,236.38074,104.835014
456,199.16238,0.022069242,0.62679994,193.10843,256.7887,105.605415
457,204.67421,0.013834542,0.65278995,181.60931,283.67874,106.5131
458,87.53883,0.16014305,0.07117526,135.97864,124.76962,41.181137
459,120.604645,0.08440306,0.22601327,270.54376,270.89386,127.09086
460,155.5668,0.022122161,0.46331796,171.83817,223.24843,125.66538
461,79.023636,0.19442669,0.016663512,258.47025,246.9518,104.2195
462,180.30336,0.031428788,0.53536385,198.1835,286.38486,117.75544
463,189.22592,0.017077843,0.572816,200.0527,264.02444,106.60701
464,197.59227,0.015729865,0.66792154,189.24332,251.95695,97.09499
465,109.155495,0.0664097,0.1387457,247.18005,235.72694,106.62323
466,192.6729,0.023548776,0.6185889,320.75073,445.8974,169.48216
467,119.84346,0.11092825,0.26037315,299.44147,251.82663,112.4811
468,100.64745,0.14311746,0.11754481,743.4174,682.3137,344.09763
469,158.41954,0.023338368,0.47768912,234.55807,258.94678,119.20676
470,80.2113,0.20043011,0.017740687,146.46309,161.77814,68.85377
471,158.06813,0.034217253,0.4113128,472.08044,616.6654,253.33186
472,81.225746,0.19054905,0.04020272,234.32256,231.72435,115.1612
473,168.38898,0.048347663,0.44306588,224.0278,258.30035,113.47528
474,202.8207,0.012240514,0.63873476,71.680336,93.748566,36.333153
475,197.18028,0.0070702373,0.6945309,166.63518,201.37396,83.332085
476,173.20938,0.008012825,0.5417924,164.71524,210.9742,100.001755
477,115.49749,0.08506186,0.15384075,523.9068,576.3659,258.23206
478,96.33847,0.25242054,0.17547932,414.02933,401.41077,187.95459
479,204.42679,0.019312926,0.6486649,192.59656,280.77716,114.58866
480,94.69302,0.20869432,0.13202012,766.41693,685.2816,335.63098
481,83.16434,0.18867742,0.026315803,219.14072,190.0213,92.59952
482,148.20364,0.037336826,0.38378564,364.49875,434.43478,198.80688
483,93.96063,0.23823862,0.16404264,368.6084,330.94742,162.22737
484,111.467636,0.082143135,0.15677881,294.79318,287.35776,143.05536
485,140.61739,0.03161111,0.37028435,423.93893,562.83325,232.19711
486,100.21752,0.19739082,0.15829822,148.21596,142.17918,66.94592
487,204.30356,0.0072820615,0.6557546,167.35979,228.51353,89.267715
488,109.544304,0.15411529,0.20307086,126.97157,117.11285,59.363792
489,128.02057,0.039730944,0.27811933,527.4278,599.59155,264.9214
490,163.21028,0.016408583,0.5288992,36.556973,47.74678,25.162344
491,194.3641,0.0187755,0.6245506,196.29642,232.75508,94.04754
492,190.9908,0.004163742,0.63921773,371.9721,464.31238,200.67543
